{
  "accuracy": 0.6923076923076923,
  "precision": 0.7083333333333334,
  "recall": 0.6891891891891891,
  "f1": 0.6986301369863014,
  "auc": 0.7751664708186448
}