{
  "f1": [
    0.6973684210526315,
    0.599963503649635,
    0.7755102040816326
  ],
  "roc_auc": [
    0.7726642667215938,
    0.6952148223871304,
    0.843138140798488
  ],
  "pr_auc": [
    0.7821423428898415,
    0.66716011744337,
    0.8698809417683042
  ]
}