{
  "accuracy": 0.6923076923076923,
  "precision": 0.7083333333333334,
  "recall": 0.6891891891891891,
  "f1": 0.6986301369863014,
  "roc_auc": 0.7751664708186448,
  "pr_auc": 0.7764052923162905,
  "brier": 0.1952257815851556
}