{
  "accuracy": 0.7377622377622378,
  "precision": 0.7424749163879598,
  "recall": 0.752542372881356,
  "f1": 0.7474747474747475,
  "auc": 0.8083093679251054
}