{
  "accuracy": 0.6713286713286714,
  "precision": 0.6419098143236074,
  "recall": 0.8203389830508474,
  "f1": 0.7202380952380952,
  "auc": 0.7601909074221379
}