{
  "accuracy": 0.6713286713286714,
  "precision": 0.6901408450704225,
  "recall": 0.6621621621621622,
  "f1": 0.6758620689655173,
  "auc": 0.754798276537407
}