{
  "colsample_bytree": 0.4271363733463229,
  "learning_rate": 0.07181276284502022,
  "max_depth": 9,
  "min_child_samples": 22,
  "n_estimators": 466,
  "num_leaves": 67,
  "reg_alpha": 0.5867511656638482,
  "reg_lambda": 0.965255307264138,
  "subsample": 0.8428136990746738
}