{
  "accuracy": 0.6520979020979021,
  "precision": 0.6589403973509934,
  "recall": 0.6745762711864407,
  "f1": 0.6666666666666666,
  "auc": 0.651367557975892
}