{
  "accuracy": 0.708041958041958,
  "precision": 0.7133333333333334,
  "recall": 0.7254237288135593,
  "f1": 0.719327731092437,
  "auc": 0.7819861714495502
}