{
  "accuracy": 0.7115384615384616,
  "precision": 0.7018633540372671,
  "recall": 0.7661016949152543,
  "f1": 0.7325769854132901,
  "auc": 0.7955148993452854
}