{
  "accuracy": 0.7255244755244755,
  "precision": 0.7254901960784313,
  "recall": 0.752542372881356,
  "f1": 0.7387687188019967,
  "auc": 0.8073548308144158
}