,char_len,token_len
count,715.0,715.0
mean,446.36643356643356,98.46853146853147
std,164.1182705089649,34.23616369722431
min,64.0,19.0
25%,335.0,75.0
50%,424.0,94.0
75%,524.5,114.5
max,1433.0,298.0
