{
  "accuracy": 0.7185314685314685,
  "precision": 0.7218543046357616,
  "recall": 0.7389830508474576,
  "f1": 0.7303182579564489,
  "auc": 0.8056537967325461
}